<?xml version="1.0" encoding="utf-8"?>

<root>
  <type name="TRVK_PRG"> <!-- Matches RL_FOR_PROGRAM.img -->
	<hash name="4.89 (from PUP)">16A7AED1625F92298C81557E50E5D1F9</hash>
	<hash name="4.88 (from PUP)">01C48606D51F8D57446095E0B5B40C97</hash>
	<hash name="4.87 (from PUP)">42477002E8E276ABD52EFF9E9365C55C</hash>
	<hash name="4.86 (from PUP)">38BD20933734A1C5C20AE4B4CD367CB2</hash>
	<hash name="4.85 (from PUP)">FADA6C315224A66D52C46E5D34AF8867</hash>
	<hash name="4.84 (from PUP)">B3AE128DF872F57BC6979E4E6F1B2195</hash>
	<hash name="4.83 (from PUP)">55AC16DFD019EA0DDC56CD9DEE30D03C</hash>
	<hash name="4.82 (from PUP)">5F9C0818D7AD2D65B2962587CCD2B0DA</hash>
	<hash name="4.81 (from PUP)">E453631D23286055D9C98604ABA2A855</hash>
	<hash name="4.80 (from PUP)">FE24749700E82FCBBF998FAE5CCFBDA4</hash>
	<hash name="4.78 (from PUP)">CC5B2961D017DB136B5331F20335A3DE</hash>
	<hash name="4.76 (from PUP)">BB180203BE83CF66D0832FF76CAE8B56</hash>
	<hash name="4.75 (from PUP)">3D412C694E1C5D078DB5B198791307AB</hash>
	<hash name="4.70 (from PUP)">E3ECCA8AFC7590BCAD0F539096BDEB45</hash>
	<hash name="4.66 (from PUP)">74308A550BCC6612FAECF5AF0B741BFA</hash>
	<hash name="4.65 (from PUP)">31779BE4E21C8C68D65CB9CE25533E7F</hash>
	<hash name="4.60 (from PUP)">3F33A1407E8885D8B6478FB89BED84E2</hash>
	<hash name="4.60 (from factory)">84A6BA28A0F85174147B235ABE6EA645</hash> <!-- from a 4304A dump -->
	<hash name="4.55 (from PUP)">7A53E676CD09AE28B3B86D386AB7BE0E</hash>
	<hash name="4.55 (from factory)">7000CE416E668731F508BAEFF25F824D</hash> <!-- from a 4214B dump -->
	<hash name="4.53 (from PUP)">C5056C897D20629AB0B8B534D7DA848D</hash>
	<hash name="4.53 (from factory)">5753FCC975C231320AE92E3931B75CF6</hash> <!-- from a 4212C dump -->
	<hash name="4.50 (from PUP)">75CD3A65FF2B5A39030E27CD2B1B689A</hash>
	<hash name="4.50 (from factory)">2588331C452B0099CD5A5C62D5FCF449</hash> <!-- from a 4204A dump -->
	<hash name="4.46 (from PUP)">246998D22C8813E6C8C5B6B95714CF38</hash>
	<hash name="4.46 (from factory)">947314C585ADECF1E496FB425F9CB8F9</hash> <!-- from a 4208C dump -->
	<hash name="4.45 (from PUP)">F83ACB044E546DCB867778BAF3FEBE4B</hash>
	<hash name="4.41 (from PUP)">D1BC4C48B6305164E57DBCB0076A8637</hash>
	<hash name="4.40 (from factory)">43252D7C42C07AC7DE48EEDEA23015EC</hash> <!-- from a 4201A dump -->
	<hash name="4.40 (from PUP)">2DCF12FD4D9E707C12D92918B72FA287</hash>
	<hash name="4.31 (from PUP)">25569AC6CCDF7A2A22B10D58CAD1D602</hash>
	<hash name="4.31 (from factory)">B4B38147DAE1929E375E3BE6FCACEE58</hash> <!-- from a 4001B dump -->
	<hash name="4.30 (from PUP)">848ADAB5B11FF0FE4AA25559B23B6840</hash>
	<hash name="4.26 (from PUP)">E6E09C3CBDB02E4AE09C738A5A451212</hash>
	<hash name="4.25 (from PUP)">DB971C7EDCABB570BFA7EDDDE0A2324F</hash>
	<hash name="4.25 (from factory)">1085132297E8FA266AEAE703A15858ED</hash> <!-- from a 4001C dump -->
	<hash name="4.22 (from factory)">B4E6EB152EB48A6F08E2859224B4F706</hash> <!-- from a 4208A dump -->
	<hash name="4.21 (from PUP)">10F4271AACAFBB1AD7A9E51C5F798CC8</hash>
	<hash name="4.20 (from PUP)">0287DBFFCB57382E032B363B5B582D3C</hash>
	<hash name="4.20 (from factory)">0CBCA78D20F4BA0F0736E98AA87EAC40</hash> <!-- from a 4001B dump -->
	<hash name="4.15 (from factory)">82E6290B7BAD9022B17C0FB427921815</hash> <!-- from a 4001 dump -->
	<hash name="4.10/4.11 (from PUP)">76B0EDADBB8D83A221C4C430B5B9A3B2</hash>
	<hash name="4.10 (from factory)">8642C7891EA6A3D906619EE0E68CBD9A</hash> <!-- from a 3004A dump -->
	<hash name="4.00/4.01 (from PUP)">6624A1288279B819A075F6330EA32E6F</hash>
	<hash name="3.74 (from PUP)">4F6F84B8B1CCDDF60CBE851266442487</hash>
	<hash name="3.73 (from PUP)">3419366B5DA8A57270EF10DE0A2E4766</hash>
	<hash name="3.72 (from PUP)">5A30ECCAEC9545B857492DB8F6E64F12</hash>
	<hash name="3.72 (from factory)">36FC5E86FDE1B59AF91AF0E66CC1542B</hash> <!-- from a 3000A dump -->
	<hash name="3.71 (from PUP)">8AD395255B03FDB21D1410961C7A151D</hash>
	<hash name="3.70 (from PUP)">E0CEB3574FFA6F0C3C7A4242B9A8247A</hash>
	<hash name="3.66 (from factory)">C6E142FFF29F5DACDBBF56779C0F32C7</hash> <!-- from a 3001A dump -->
	<hash name="3.66 (from PUP)">A3FCEC632836C56A299E4429B48A2418</hash>
	<hash name="3.65 (from PUP)">F7CB8AE78696F16340E9BBB4C8000CB2</hash>
	<hash name="3.65 (from factory)">667E18A1D319D0C6F4736A1C8A0068C4</hash> <!-- from a 3004A dump -->
	<hash name="3.61 (from PUP)">44B0423B9B03BD1EE51A07D217E72B70</hash>
	<hash name="3.60 (from PUP)">7F5D74BC11FAD4171E963B47882EBEF1</hash>
	<hash name="3.60 (from factory)">B86A20657203F03CACFBFF3433F8C2A8</hash>  <!-- from a 2508B dump -->
	<hash name="3.56 v2 (from PUP)">369E60A0E5FAC9A987A4098A48E636BB</hash>
	<hash name="3.56 v1 (from PUP)">333CC79D76D2717092196AEEE951DA12</hash>
	<hash name="3.56 (from factory)">4F4722505C10AD6B4FE4CEBFF3C8C80E</hash>
	<hash name="3.55 (from PUP)">78629D24BD721488F3A1E846938F87DF</hash>
	<hash name="3.50 (from PUP)">E537DE954DCF25D4DE961DF44549BAF7</hash>
	<hash name="3.50 (from factory)">CA20C111440A170A78EFD3C61998DB03</hash>
	<hash name="3.42 (from PUP)">37DD8C18FE7FF39B983BC0EE907BE8A6</hash>
	<hash name="3.41 (from PUP)">43D940901E9655AD502C12D990977811</hash>
	<hash name="3.40 (from PUP)">811733A6FF2D307FBB3C234A5EC9EE2A</hash>
	<hash name="3.40 (from factory)">17C2074A28C7FDE825293210F8905446</hash>
	<hash name="3.30 (from PUP)">16CB4E101F0D6D24525B0E6F1A6681AD</hash>
    <hash name="3.30 (from factory)">9F28ACB870BA760D5FB162B2B2935B32</hash> <!-- from a 2k5 dump -->
	<hash name="3.21 (from PUP)">C095C2D0691E33365E95A1AF87325793</hash>
	<hash name="3.20 (from PUP)">6E8EA1F4DBE2BE658F333CD1E0FF8CD4</hash>  <!-- from DEX PUP and a 2k1 dump --> 
	<hash name="3.20 (from factory)">27A797739CC1244F31097C9A79229FFE</hash>
	<hash name="3.16 (from PUP)">B440388DB664B73B3254D6EFFEC432FD</hash>
	<hash name="3.15 (from PUP)">6866A7A6B69EE57FD4BC1EF95C5666A6</hash>
	<hash name="3.15 (from factory)">4475FB96DD9DC1D23E26BC5040A0C9D2</hash>  <!-- from a 2011A dump -->
	<hash name="3.10 (from PUP)">EC29ACF60C590DEEC075278FBEB887AB</hash>
	<hash name="3.01 (from PUP)">F95C7FDE2917EDAB626F9D8906E8F4C1</hash>
	<hash name="3.00 (from factory)">C4F3C06446D33D58EDCFA0BAD4233318</hash>  <!-- from a 2004x dump -->
	<hash name="3.00 (from PUP)">47C12C2D4CA124DE7CAC9E18FB7CF71E</hash>
	<hash name="2.85 (from PUP)">1482B9DEF059783AEC762C3E353EA29B</hash>  <!-- from DECR PUP --> 
	<hash name="2.85 (from factory)">AE01F57AC2F55453D4030BDCCB1534FF</hash>  <!--  seen on a 2K trvk_prg0 -->
	<hash name="2.85 (from factory)">647309C958E755CEF7144B94CFEF9FCA</hash>  <!--  seen on a 2K trvk_prg1, with 3.01 in trvk_prg0 and in syscon -->
	<hash name="2.80 (from PUP)">9C3A02E2A8067B0B4200B0F195236F74</hash>
	<hash name="2.76 (from PUP)">C9015BA8AFDDDDBF88856F4EF3AE9A3D</hash>
	<hash name="2.70 (from PUP)">47638E79D0A1CA68663DBF67C3B9585B</hash>
	<hash name="2.70 (from factory)">TBD</hash>
	<hash name="2.60 (from PUP)">6F140533DCA4B7517C11AE5FE8B8AED7</hash>
	<hash name="2.53 (from PUP)">CF63C29E8A7F8044BF775EF9988372A4</hash>
	<hash name="2.52 (from PUP)">0F876457212994EF94A081A880EF4DF3</hash>
	<hash name="2.50 (from PUP)">1F7196A4C1DDC8AF005FC095601CF261</hash>
	<hash name="2.45 (from factory)">FE262D9A984E21D8B5F0B9D2C72E3B7F</hash>  <!-- from a CECHL dump -->
	<hash name="2.43 (from PUP)">67EF957A1FAB92B6D1869C5DE61752FD</hash>
	<hash name="2.42 (from PUP)">D1F6CCED08F4E2A09D2CAA1F23A3EA0D</hash>
	<hash name="2.41 (from PUP)">2CC1E34731A634E2975D6934BE0B6A93</hash>
	<hash name="2.40 (from PUP)">0DC1B3A20642B9987CDF9260328965D6</hash>
	<hash name="2.36 (from PUP)">EC6A460A9265B6A418C5FE287859F43A</hash>
	<hash name="2.35 (from PUP)">02AEEBC058B53653B0D9F96E61BB8F70</hash>
	<hash name="2.30 (from PUP)">890B6D745A1080FB87DB01101735E577</hash>
	<hash name="2.30 (from factory)">TBD</hash>
	<hash name="2.20 (from PUP)">125594F5F519E9C96040D73D2A48F1E1</hash>
	<hash name="2.17 (from PUP)">9628B9DA3E8F97DA2919F6B74FC02637</hash>
	<hash name="2.16 (from PUP)">3DBF89FE7A1583C171F777DA48C8A5DF</hash>
	<hash name="2.15 (from PUP)">7E091F91DB074A5A62F03D980C3C4026</hash>  <!-- from DEX PUP --> 
	<hash name="2.10 (from PUP)">723DCEE07331E3AD1A1FF45BE95D8B51</hash>
	<hash name="2.01 (from PUP)">9FA77E8DDF5CD275B17372A7A891ED6B</hash>
	<hash name="2.00 (from PUP)">5A45388C15A7B0AA8CFA2BBA97C9F557</hash>
	<hash name="1.97 (from factory)">F3B05E710B026177799E677ACE5F7DDA</hash> <!--  seen on a CECHG trvk_prg0 -->
	<hash name="1.97 (from factory)">88A817FA588952A87F92E2AAB9550578</hash> <!--  seen on a CECHG trvk_prg1 -->
	<hash name="1.94 (from PUP)">785C9AD2EB037CB6111AB8A6D6E8E7DA</hash>
	<hash name="1.93 (from PUP)">273CDC8E9DBFB3BF5CF393258E279D3B</hash>
	<hash name="1.92 (from PUP)">414F13590D89F358959B7136E1C0A153</hash>
	<hash name="1.90 (from PUP)">15377779EDEF03A72A8DC0A43098B652</hash>
	<hash name="1.90 (from factory)">AB52CF081E58B8709CBEA79207CA685A</hash>
	<hash name="1.82 (from PUP)">C389ADC6D25FDB0DF7EBC8D653319DF1</hash> <!--  0x010000 version -->
	<hash name="1.81 (from PUP)">850C0BAAD05E2A94B93F94AA0A15FF68</hash> <!--  0x010000 version -->
	<hash name="1.80 (from PUP)">63758ED35584B097E4B2729C392839F3</hash> <!--  0x010000 version -->
	<hash name="1.70 (from PUP)">03C43AEA1CEC2EBECD89F8F9F770AB5F</hash> <!--  0x010000 version -->
	<hash name="1.60 (from PUP)">32B3C24A1A291C6315E778E458CDCEEE</hash> <!--  0x010000 version -->
	<hash name="1.54 (from PUP)">B738B4938ED414EDF4538CAB818C6F87</hash> <!--  0x010000 version -->
	<hash name="1.51 (from PUP)">4313B27016A3AF1506827FBFE5B74D79</hash> <!--  0x010000 version -->
	<hash name="1.50 (from PUP)">45FD8BC3758EF97A44F5E99B6D50CBC1</hash> <!--  0x010000 version -->
	<hash name="1.31/1.32 (from PUP)">FE4395A6F83ABBF17B398F69B78D6A38</hash> <!--  0x010000 version -->
	<hash name="1.30 (from PUP)">C300EF6316D4CEBD360E325E30829DAA</hash> <!--  0x010000 version -->
	<hash name="1.11 (from PUP)">90B33C50EA952A9491B7A3A5C2DC276F</hash> <!--  0x010000 version -->
	<hash name="1.10 (from PUP)">8A8059B3609E5058280B2E371B46DC9A</hash> <!--  0x010000 version -->
	<hash name="1.02 (from PUP)">BCDBB121C0C3F6320C85E37E82672BEF</hash> <!--  0x010000 version -->
	<hash name="1.00/1.01 (from PUP)">F293627FA76F65D84B67C56D8894A7D3</hash> <!--  from DEX pup -->
	<hash name="lower than 1.90 (from factory)">BFA8C1AFA964D5829E94A3BD427037AD</hash> <!--  0x010000 version | seen on a CECHA01 trvk_prg1 -->
	<hash name="lower than 1.90 (from factory)">BCF342A43E74A8FB1484F71077E24AAE</hash> <!--  0x010000 version | seen on a CECHCxx trvk_prg0 -->
	<hash name="lower than 1.90 (from factory)">A83E82081087D3690BB920763912A22B</hash> <!--  0x010000 version | seen on a CECHA01 trvk_prg0 -->
  </type>

  <type name="TRVK_PKG"> <!-- Crappy... doesn't match RL_FOR_PACKAGE.img -->
	<hash name="4.46 and on CEX">TBD</hash> <!-- RL_FOR_PACKAGE.img: DD5B170CD4B32B9C117438B99830B96A -->
	<hash name="4.20 to 4.45 CEX">TBD</hash> <!-- RL_FOR_PACKAGE.img: AB428BEB148B89F7EEE75096EE36C7A3 -->
	<hash name="4.10/4.11 CEX">TBD</hash> <!-- RL_FOR_PACKAGE.img: 764F2B0BAE5199898479D0EC666C0F54 -->
	<hash name="4.00/4.01 CEX">TBD</hash> <!-- RL_FOR_PACKAGE.img: F71166361DAE9FD060396DE9A77DFFB4 -->
	<hash name="3.74 CEX">TBD</hash> <!-- RL_FOR_PACKAGE.img: 5E8435AF4EA7AB5E672CCF40C4B7CE3C -->
	<hash name="3.70 - 3.73 CEX">TBD</hash> <!-- RL_FOR_PACKAGE.img: DF0E78E8C5386A366FB3E63B0E8DEB46 -->
	<hash name="3.66 CEX">TBD</hash> <!-- RL_FOR_PACKAGE.img: 04F9E2817DB498BF85134710C0A9C7A4 -->
	<hash name="3.65 CEX">TBD</hash> <!-- RL_FOR_PACKAGE.img: 85A661C828A6DE67A67ACB5600A411C5 -->
	<hash name="3.61 CEX">TBD</hash> <!-- RL_FOR_PACKAGE.img: 745296D6E963F7132F449AB48325869A -->
	<hash name="3.60 CEX">TBD</hash> <!-- RL_FOR_PACKAGE.img: 832414A785310096368427CB0FB3306A -->
	<hash name="3.56 v2 CEX">TBD</hash> <!-- RL_FOR_PACKAGE.img: FBD76F774AC6B9ED96508B6C8973603E -->
	<hash name="3.56 v1 CEX">TBD</hash> <!-- RL_FOR_PACKAGE.img: 526BE641D285D8697DA72EAB6EFDA9F5 -->
	<hash name="3.55 (patch)">4B63EFE4150747D04494F9B5DD0BF4CB</hash> <!-- RL_FOR_PACKAGE.img: A3A29B8A29F7C057ADA56ECCB062325C -->
	<hash name="3.40 to 3.42 CEX">TBD</hash> <!-- RL_FOR_PACKAGE.img: 30117B4E11FB67AD42F382E0A8049717 -->
	<hash name="3.30 CEX">TBD</hash> <!-- RL_FOR_PACKAGE.img: DF12419E5837A45B1B2DE6CA6387C90F -->
	<hash name="3.21 CEX">TBD</hash> <!-- RL_FOR_PACKAGE.img: 7BF020DC7AE419B801FB65B0568F50F0 -->
	<hash name="3.16 CEX">TBD</hash> <!-- RL_FOR_PACKAGE.img: 14B538843C6FC145E28AA7FC5D1C8148 -->
	<hash name="3.15 CEX">TBD</hash> <!-- RL_FOR_PACKAGE.img: F6D10A09867CA88A65AA4E21A4FB4FC6 -->
	<hash name="3.10 CEX">TBD</hash> <!-- RL_FOR_PACKAGE.img: 46246A5ACC1C6F85F10DE0C179E006EE -->
	<hash name="3.01 CEX">TBD</hash> <!-- RL_FOR_PACKAGE.img: 268FDB4510BB0D1036EE6E480B77716C -->
	<hash name="3.00 CEX">TBD</hash> <!-- RL_FOR_PACKAGE.img: 211E4A734C70B7FDD8A1BAAC045805D6 -->
	<hash name="2.80 CEX">TBD</hash> <!-- RL_FOR_PACKAGE.img: C7B8FAFCF38D3DBB009C587C4AECEC05 -->
	<hash name="2.76 CEX">TBD</hash> <!-- RL_FOR_PACKAGE.img: F9241DBB1210B8487470D9C26A8E0EE6 -->
	<hash name="2.70 CEX">TBD</hash> <!-- RL_FOR_PACKAGE.img: 164889F5F018096AFC65263A7EBB6AFC -->
	<hash name="2.60 CEX">TBD</hash> <!-- RL_FOR_PACKAGE.img: E768571EE967906972003B67A11B059D -->
	<hash name="2.53 CEX">TBD</hash> <!-- RL_FOR_PACKAGE.img: 571CA5C044AC7133E9555E0FDB0ACCAA -->
	<hash name="2.52 CEX">TBD</hash> <!-- RL_FOR_PACKAGE.img: A0FAF63A8BECF0C59F18F01E5CA8CB2C -->
	<hash name="2.50 CEX">TBD</hash> <!-- RL_FOR_PACKAGE.img: 033620120B1E1D5DFF4AA04BE05A10BD -->
	<hash name="2.43 CEX">TBD</hash> <!-- RL_FOR_PACKAGE.img: 119424812426951D2AA8B36D3C2C0D7B -->
	<hash name="2.42 CEX">TBD</hash> <!-- RL_FOR_PACKAGE.img: 6DC0FD7D5ECA9EE3ADBF99915C6354FE -->
	<hash name="2.41 CEX">TBD</hash> <!-- RL_FOR_PACKAGE.img: B23160ED0FCBB13FA393890892FDE9B1 -->
	<hash name="2.40 CEX">TBD</hash> <!-- RL_FOR_PACKAGE.img: 62F8933C9F352A02F51F9A0A584801A0 -->
	<hash name="2.36 CEX">TBD</hash> <!-- RL_FOR_PACKAGE.img: 672ACDBD4A85B26A9BB6D122D882339B -->
	<hash name="2.35 CEX">TBD</hash> <!-- RL_FOR_PACKAGE.img: 1946B3DFC02E0354A84BE617D025A7F5 -->
	<hash name="2.30 CEX">TBD</hash> <!-- RL_FOR_PACKAGE.img: DF4C1CFEBE3BCC648D39A4C951A6DD41 -->
	<hash name="2.20 CEX">TBD</hash> <!-- RL_FOR_PACKAGE.img: 985A3041F23E3CD3CE96D3EA625C1B5F -->
	<hash name="2.17 CEX">TBD</hash> <!-- RL_FOR_PACKAGE.img: 7E2656447284C366827D21BB70C970D3 -->
	<hash name="2.16 CEX">TBD</hash> <!-- RL_FOR_PACKAGE.img: 518EE72CA0E9D416C338411C8186BFB4 -->
	<hash name="2.10 CEX">TBD</hash> <!-- RL_FOR_PACKAGE.img: 97B28309016B3FB8BC8490FE53574301 -->
	<hash name="2.01 CEX">TBD</hash> <!-- RL_FOR_PACKAGE.img: 18103D2252A8DCD02397D9F6A388F7D0 -->
	<hash name="2.00 CEX">TBD</hash> <!-- RL_FOR_PACKAGE.img: 5F8025589DCB69F6EE6D54FDEDA07844 -->
	<hash name="1.94 CEX">TBD</hash> <!-- RL_FOR_PACKAGE.img: 3B99AE7FFCA58E44A13238117E638F5B -->
	<hash name="1.93 CEX">TBD</hash> <!-- RL_FOR_PACKAGE.img: CA9ACE7BF4DBCB88F2898724EDDB5EDF -->
	<hash name="1.80 CEX">TBD</hash> <!-- RL_FOR_PACKAGE.img: 0F9A03C87C1FCC29EC63BEE1454741E4 -->
  </type>

  <type name="ROS"> <!-- Matches Raw COS -->
  <!-- PATCHES -->
    <hash name="4.89 CEX Patched (Evilnat based)">B9FEB4432ADB086D890472AB29B663A9</hash>
    <hash name="4.88 CEX Patched (Evilnat based)">EA9F81A031A7B6701560B3501712DF1A</hash>
    <hash name="4.87 CEX Patched (Evilnat based)">1EFB54B005B09A10E436F9C76E51D870</hash>
    <hash name="4.86 CEX Patched (Rebug based v2)">0669179877AE23F5C918E6E62E930BAC</hash>
    <hash name="4.86 CEX Patched (Rebug based v1)">96D30F4EDBA00DDA9FA87F8FC580AD8A</hash>
    <hash name="4.85 CEX Patched (Overflow based)">99FFE0A761BEE3E0668BA919CBFE4CF4</hash>
    <hash name="4.85 CEX Patched (PS3Xploit v2.0.2)">EA4EB0D1E6E4FEF266357C92AC3D893F</hash>
    <hash name="4.84 CEX Patched (PS3Xploit v2.0.1)">62D189F5A918B5E24A976948B2F4BC50</hash>
    <hash name="4.84 CEX Patched (FERROX based)">ED1F431AC996D2AB06EA40A7193D4912</hash>
    <hash name="4.83 CEX Patched (FERROX based)">2284CFDB950D14CA199AD9469AAA1EC4</hash>
    <hash name="4.82 CEX Patched (PS3Xploit v2.0)">4674CA6C38D45171F45C48191528E36F</hash>
    <hash name="4.82 CEX Patched (PS3Xploit v1.0)">EAF598ED0DA6C502B09240519D557402</hash>
    <hash name="4.82 CEX Patched (FERROX based)">32B8C0F25884933A00D1E924F84B2A68</hash>
    <hash name="4.81 CEX Patched (PS3Xploit)">0C309EB53ABBD7AC77AC77A6B610B10B</hash>
    <hash name="4.81 CEX Patched (FERROX based)">0BBB87121684B43E6727A459365F04FF</hash>
    <hash name="4.80 CEX Patched (FERROX based)">D8BB229D2D802ACCCC0345031EE01D83</hash>
    <hash name="4.78 CEX Patched (FERROX based)">B100AD3842F29F22A202A63F9C363387</hash>
    <hash name="4.76 CEX Patched (FERROX based)">5BFD81166CBCB66830D504C930476508</hash>
    <hash name="4.75 CEX Patched (FERROX based)">FB00F805C27130579A6FE2A2489A66A7</hash>
    <hash name="4.70 CEX Patched (Darkjiros - fixed)">75D5298F7C538C84FEDA1BD515E99B8F</hash>
    <hash name="4.70 CEX Patched (Darkjiros)">55E1A36DEA566AE8F6FF8EE79BBC2FEF</hash>
    <hash name="4.66 CEX Patched (Darkjiros)">E64E59074ACA0144CBF03AA5DE9D0C29</hash>
    <hash name="4.65 CEX Patched (Ferrox DB based)">7CD4589FF80931377BD50E831E491A94</hash>
    <hash name="4.65 CEX Patched (Darkiris)">CA66EBD75B572F238F0E787F30278298</hash>
<!--<hash name="4.60 CEX Patched (Habib)">E43861300294CAD85FF3985536206085</hash>    
    <hash name="4.55 CEX Patched (Rogero)">ECA854DD9AC9DA0A45312FFEA53D8190</hash>
    <hash name="4.53 CEX Patched (Habib)">9B7783493B6F65A5EDFA949E68FDF796</hash>
    <hash name="4.50 CEX Patched (Rogero)">D9B21C13793ABE747D070378667B84DB</hash>    Already in CFW section
    <hash name="4.46 CEX Patched (Rogero)">7CF42A338F27AC5E63D2F394D5988853</hash>
    <hash name="4.41 CEX Patched (Rogero)">B4520066146DB3677E7CFC86BBACC938</hash>
    <hash name="4.40 CEX Patched (Rogero)">7B75FF7995C4B7841B638B27BE3674C6</hash> -->
    <hash name="4.30 CEX Patched (Three Musketeers)">6CE56CC2BD4238E831E9A64E4547A81B</hash>
    <hash name="3.55 CEX Patched">F162E0D72EBA0F46B7FB36E6AAB63958</hash>
  <!-- OFW -->
   <!-- common CEX/DEX/SEX -->
    <hash name="4.89 CEX/SEX OFW/HFW">2C6791BAC0978B921CACAEBB1E827743</hash>
    <hash name="4.88 CEX/SEX OFW/HFW">36A0D80FB18E9D6FD7635217D59FA726</hash>
    <hash name="4.87 CEX/SEX OFW/HFW">8F4A63DC20F1EB54168478C814DF80C1</hash>
    <hash name="4.86 CEX/SEX OFW/HFW">78A3FBB16D79CC96BD38D62967A85567</hash>
    <hash name="4.85 CEX/SEX OFW/HFW">B833A708108360FC7913986E29C29B3E</hash>
    <hash name="4.84 CEX/SEX OFW/HFW">E2396DD395E095128BCB69AABA2D1978</hash>
    <hash name="4.83 CEX/SEX OFW">13446A57ADA4A8EA0A9A88F1173C5735</hash>
    <hash name="4.82 CEX/SEX OFW">DBCE1CCF7E8A64DC2A6C7019E1C03749</hash>
    <hash name="4.81 CEX/SEX OFW">6C2E0FEAA5C9C7D7C0450E8BC131ABA2</hash>
    <hash name="4.80 CEX/SEX OFW">18C8473E69BB332C43C5EAF8EA1D3527</hash>
    <hash name="4.78 CEX/SEX OFW">9E889471205593CAEBD8B47ED8C1C9B2</hash>
    <hash name="4.76 CEX/SEX OFW">51A7758AA326F54CB431FC59DC68AFD4</hash>
    <hash name="4.75 CEX/SEX OFW">CD2DD6E1A68418B17716CEE65CC8DBBA</hash>
    <hash name="4.70 CEX/SEX OFW">B3FBAF205B54E3315254A990354AF7E4</hash>
    <hash name="4.66 CEX/SEX OFW">A7C288F2FAA7DAC6E5B411C7952C37DE</hash>
    <hash name="4.65 CEX/SEX OFW">EAA50377EEEA795A4F4EE4BAF5DF43C9</hash>
    <hash name="4.60 CEX/SEX OFW">CBAFDBA013864934A9229BCE64CE91ED</hash>
    <hash name="4.55 CEX/SEX OFW">8845D70EAB7B28BB829C378A37121DDF</hash>
    <hash name="4.53 CEX/SEX OFW">48031F979F7905F56B0C068BB1D6AFAA</hash>
    <hash name="4.50 CEX/SEX OFW">3B84AB0FA2C9AB1C108B508B0F419639</hash>
    <hash name="4.46 CEX/SEX OFW">D18F9F37189627E798694B8A85434A23</hash>
    <hash name="4.45 CEX/SEX OFW">326E8291E33CC2E83A2E9E64BFB88B30</hash>
    <hash name="4.41 CEX/SEX OFW">A99F5D9E9C631CAEA6D805EDC73DF541</hash>
    <hash name="4.40 CEX/SEX OFW">AEF60D87485B4D4B49766125290E020E</hash>
    <hash name="4.31 CEX/SEX OFW">5888F186C7B1B5198F221806201CE7AC</hash>
    <hash name="4.30 CEX/SEX OFW">C7398C79576A90888DE0887DB9B5FA46</hash>
    <hash name="4.25 CEX/SEX OFW">FFC76060A2A48FBE91E577064A343878</hash>
    <hash name="4.21 CEX/SEX OFW">9A01E6AC0F70D4AE33ACAE0C6B17C66B</hash>
    <hash name="4.20 CEX/SEX OFW">6ABEC8C997E6CBDB6B07A31CEBB15128</hash>
    <hash name="4.11 CEX/SEX OFW">F57AF374CC32D73068C98BD9FF0886D9</hash>
    <hash name="4.10 CEX/SEX OFW">87C511E4FC9E51FE6B424A09A409DFEC</hash>
    <hash name="4.01 CEX/SEX OFW">E9792C462CFCD5C0C527A8ED77F6FAF7</hash>
    <hash name="4.00 CEX/SEX OFW">7772192FC02919457D97537DD41900B8</hash>
    <hash name="3.73 CEX/SEX OFW">A0827D76F362D303A25A3103156F5B70</hash>
    <hash name="3.72 CEX/SEX OFW">9E8D2C63D432B1A1E53FD05AB8E5262A</hash>
    <hash name="3.70 CEX/SEX OFW">010CF52C1947997D2C44473726116305</hash>
    <hash name="3.66 CEX/SEX OFW">974CDEA2E646758EF40D659957F6E93B</hash>
    <hash name="3.65 CEX/SEX OFW">8005B653D1A28FC9592145DC33DFA64F</hash>
    <hash name="3.61 CEX/SEX OFW">4DA682B0A4408475D789B9C49AFEE737</hash>
    <hash name="3.60 CEX/SEX OFW">FA0AC8FFDCC06A8C39179017F150BA88</hash>
    <hash name="3.56v2 CEX/SEX OFW">128CC2CDC5986C3C9F4DD56E74DEF184</hash>
    <hash name="3.56v1 CEX/SEX OFW">4474E75E93D66E15377339F96A5D13F2</hash>
    <hash name="3.55 CEX/SEX OFW">A974F88457424AC6D8E262DBF3ED7AA0</hash>
    <hash name="3.50 CEX/SEX OFW">54AA1F0FF3F10F9806544C8E38E5ED3F</hash>
    <hash name="3.42 CEX/SEX OFW">4E9BDDA7EF6E34B1FA433DD016F6CA2A</hash>
    <hash name="3.41 CEX/SEX OFW">C2FE27A86B3174685B5BB15917F27381</hash>  <!-- v1 & v2 same -->
    <hash name="3.40 CEX/SEX OFW">99A69A693A3E268D188623DE4C937CFC</hash>
    <hash name="3.30 CEX/SEX OFW">2DA64B79AC538E7AF643A7E0F0FA64D0</hash>
    <hash name="3.21 CEX/SEX OFW">2DC52F5E40F1B9560C760752477599AB</hash>
    <hash name="3.15 CEX/SEX OFW">38B9881CD317734B345E10C1FBBD8D45</hash>
    <hash name="3.10 CEX/SEX OFW">46B80BF64C20157AD4B0CD6FFB536CB2</hash>
    <hash name="3.01 CEX/SEX OFW">47D078F5F298743B435002A7C0FEED8A</hash>
    <hash name="3.00 CEX/SEX OFW">B988CB3582838CC18F8B7D150074248E</hash>
    <hash name="2.80 CEX/SEX OFW">BE82801857BADA8FFA9A353F10E23CDB</hash>
    <hash name="2.70 CEX/SEX OFW">1F53B042118AE44B9C7939D887882785</hash>
    <hash name="2.76 CEX/SEX OFW">094A2E6772B8548019BFADA384828E5A</hash>
    <hash name="2.60 CEX/SEX OFW">93DDE807275889858514B72C8C52E3FD</hash>
    <hash name="2.53 CEX/SEX OFW">968B4AB41D973D83BB34F4586EAAA3EE</hash>
    <hash name="2.52 CEX/SEX OFW">85ED932A7ED992A8609B691EB20C8A4A</hash>
    <hash name="2.50 CEX/SEX OFW">0F214D76731708447829ACCC5756D4A6</hash>
    <hash name="2.43 CEX/SEX OFW">0647A46118311E2D20E7D09205B9D5EB</hash>
    <hash name="2.42 CEX/SEX OFW">DB010865DB5E2D73782173D992C9B3EB</hash>
    <hash name="2.41 CEX/SEX OFW">41852D3A1EB5DD8DF253926A61162AF5</hash>
    <hash name="2.40 CEX/SEX OFW">08F7264FF08018BA346EBFCC96A2398D</hash>
    <hash name="2.36 CEX/SEX OFW">773E896E3F0ED2E8FA30E000BC39A2DC</hash>
    <hash name="2.35 CEX/SEX OFW">8E90D6483CCB71AA78780AAF43CC42F8</hash>
    <hash name="2.30 CEX/SEX OFW">580E9F9C41CB2D4FE02687FD043C0B0E</hash>
    <hash name="2.20 CEX/SEX OFW">249C426A359C30C93ECBB65B58C27FBA</hash>
    <hash name="2.17 CEX/SEX OFW">FD2166CB121C8A4382B9872C5F06BB8B</hash>
    <hash name="2.10 CEX/SEX OFW">9E03564621E6428276FD8D48AC2D15E9</hash>
    <hash name="2.01 CEX/SEX OFW">FC81DF6DEAF57F8866C1B317821C0BD6</hash>
    <hash name="2.00 CEX/SEX OFW">A0E7CE5FB1EF51BED74C0F0A0F682EA8</hash>
    <hash name="1.93 CEX/SEX OFW">6162C9872A5126876054F306968F8451</hash>
    <hash name="1.92 CEX/DEX/SEX OFW">FF600639D3A4D33B5040D14C3AABFD08</hash>
    <hash name="1.90 CEX/SEX OFW">6CD39C1EB20D8B490931C19932F43966</hash>
    <hash name="1.82 CEX/SEX OFW">33244E28A563D43B841DCCDA3D60B13F</hash>
    <hash name="1.81 CEX/DEX/SEX OFW">88D2FAF7EDE04E5BA0CAEF8635BDEF58</hash>
    <hash name="1.80 CEX/SEX OFW">4FE54D3DC7F455A4E8644831C36D6FF1</hash>
    <hash name="1.70 CEX/DEX/SEX OFW">F08F35028CB26728BFCE879AF8360549</hash>
    <hash name="1.60 CEX/SEX OFW">9195FDDBA5EB8E5497EBF66BB21E92FD</hash>
    <hash name="1.54 CEX/SEX OFW">15DF1230C9B399D8BD09194B2C6B02E9</hash>
    <hash name="1.51 CEX/SEX OFW">3022F1A15DA9669DA2FAC7B9727B2694</hash>
    <hash name="1.50 CEX/DEX/SEX OFW">5CD5B52F46B156A73EA2BEE9235D99D1</hash>
    <hash name="1.32 CEX/SEX OFW">41CEF7D4DAEEDEE28BDED8EC9D045098</hash>
    <hash name="1.31 CEX/SEX OFW">763A0DE3F5AB7E63DFD899691E234621</hash>
    <hash name="1.30 CEX/SEX OFW">EED51CF6C6E86496FA779C100BA11BA4</hash>
    <hash name="1.11 CEX/SEX OFW">ED918905097A954C3827B991B1CC527E</hash>
    <hash name="1.10 CEX/SEX OFW">371375E22B6EB5DFC75BE864D4493978</hash>
    <hash name="1.02 CEX/DEX/SEX OFW">77DB1082B0C808D28A36C96A7468F5E5</hash>
   <!-- DEX only -->
    <hash name="4.81 DEX OFW">203BEF8628EE7A5880925E66A39A894D</hash>
    <hash name="4.80 DEX OFW">5E06D3AF8AF7C0A0A664CFC1E1B13036</hash>
    <hash name="4.78 DEX OFW">9600EC7523B825EE69068EE3D3179069</hash>
    <hash name="4.76 DEX OFW">E94498A6F93735697BD67A08A6D508AA</hash>
    <hash name="4.75 DEX OFW">6DE0CD1CB99CF5510A2D6A4A3457B79B</hash>
    <hash name="4.70 DEX OFW">D9175A6093A630454AAD3FAD2AC10085</hash>
    <hash name="4.65 DEX OFW">016760D035D68A70399D88A6232EDB52</hash>
    <hash name="4.60 DEX OFW">29AE28825F797067A53508067A4EEC0B</hash>
    <hash name="4.55 DEX OFW">D8AC1F0BF47A8F726921C46468B61480</hash>
    <hash name="4.50 DEX OFW">931F26E27A162BB391D9C9D2AF8056F7</hash>
    <hash name="4.46 DEX OFW">7193B888F7808174D683D26BFCBD175A</hash>
    <hash name="4.41 DEX OFW">BA799C3A28F6785E437F32724DEF960A</hash>
    <hash name="4.40 DEX OFW">E8B3230B29BEE38748BB9AA7442B94B8</hash>
    <hash name="4.31 DEX OFW">C7EDCCDEB59A71E3F902F373B99F2465</hash>
    <hash name="4.30 DEX OFW">953B5421E9F935057AE806A89CB326E2</hash>
    <hash name="4.25 DEX OFW">274BB74ABFB47DE9E9E05BBA154E4D5D</hash>
    <hash name="4.21 DEX OFW">DDBBDEE739253D148EC3EEFAE6C8FC8F</hash>
    <hash name="4.20 DEX OFW">C630E118BD5FD6A6F4BC6B0FB97A2123</hash>
    <hash name="4.11 DEX OFW">0D53ACD06B9DB981C5A84CBB0B44703A</hash>
    <hash name="4.10 DEX OFW">2CFDB5B200EA806CE1BC1BF225B3CF97</hash>
    <hash name="4.01 DEX OFW">30B76F5BCEAE622AF28DD6E4C8B9F37D</hash>
    <hash name="4.00 DEX OFW">CCF647323F09A31D52F6F214A9E21957</hash>
    <hash name="3.74 DEX OFW">F52EF74688E32F51811DC17AF5920DCC</hash>
    <hash name="3.73 DEX OFW">DC6186E7DF674A8ED5077A74BE73AE15</hash>
    <hash name="3.72 DEX OFW">592F8B667FFF26EF7283D64BF2128B75</hash>
    <hash name="3.71 DEX OFW">DF2F01B1B71B85FEF33D5373F19FEC06</hash>
    <hash name="3.70 DEX OFW">572177021904765A8BC552216943D324</hash>
    <hash name="3.66 DEX OFW">B5ADBFD3D80F059BD4B83A0CC300F568</hash>
    <hash name="3.60 DEX OFW">C80CCC2D6CCEE7A200E5E3C6A4DA9A7E</hash>
    <hash name="3.56 DEX OFW">C98EF3256DE986664C7F4A576BF33F93</hash>
    <hash name="3.55 DEX OFW">102E229DF047C1693ABFBFF5707BE84C</hash>
    <hash name="3.50 DEX OFW">38BBDF08BA848FD1AD170B37A7BFD143</hash>
    <hash name="3.41 DEX OFW">AFE1199881B1C015DF29092C49EFEEFA</hash>
    <hash name="3.40 DEX OFW">7BDFD8D1E1BD58276E1AB8B30FBA6BA4</hash>
    <hash name="3.30 DEX OFW">5F584FB46E96E0F735B7A9F98F1C8CB4</hash>
    <hash name="3.21 DEX OFW">4450BD39B33C0AC864681AA2B85A0A58</hash>
    <hash name="3.20 DEX OFW">F2EDBD4A17D858D89326DB062FDC3446</hash>
    <hash name="3.15 DEX OFW">D1E4A20987FE6FDD0BA446197005CBD7</hash>
    <hash name="3.10 DEX OFW">0D3674B436CD3A462B2DD980C36D3499</hash>
    <hash name="3.01 DEX OFW">A9A50182417D14D253C4CE65FFD6995E</hash>
    <hash name="3.00 DEX OFW">881EB82D0BAEBE104C1E1F03B0486903</hash>
    <hash name="2.80 DEX OFW">DB4CB05712F1D7E5D1EB195F6B533B60</hash>
    <hash name="2.76 DEX OFW">ECCAC6829CAA3E542941B4FD3CA0837A</hash>
    <hash name="2.70 DEX OFW">454A0B12921F941B14C922ED0263A2E9</hash>
    <hash name="2.60 DEX OFW">324BD6D42FA65D01876F3098D12CE119</hash>
    <hash name="2.53 DEX OFW">F0B655D731D6F617CCC5B5ABC3CC5B9A</hash>
    <hash name="2.52 DEX OFW">203302B1EE7CC412151E830992B456FC</hash>
    <hash name="2.42 DEX OFW">5BCC1C6834FB18CD3D5598E89E145D75</hash>
    <hash name="2.41 DEX OFW">81C1842FEC1E667DFE7392699F797D98</hash>
    <hash name="2.40 DEX OFW">5CD6956C4A0852C8FECC1C48A4E623E4</hash>
    <hash name="2.36 DEX OFW">9B078BE114B46644DB240A2503F0E85B</hash>
    <hash name="2.30 DEX OFW">1EE39B64F1EFB663E8E4989BDFE27D50</hash>
    <hash name="2.20 DEX OFW">A0BC5CD4BB60C6ED5EC543079B5EF526</hash>
    <hash name="2.17 DEX OFW">C45295132527DEE889297777340E2E45</hash>
    <hash name="2.15 DEX OFW">980EFFE11B499CCE0ED2946EFDD747DA</hash>
    <hash name="2.10 DEX OFW">7E58119763C02CE84ADA51797E689E9C</hash>
    <hash name="2.00 DEX OFW">E6888ED0018FB15DB7D197FEA10C0A48</hash>
<!--<hash name="1.92 DEX OFW">FF600639D3A4D33B5040D14C3AABFD08</hash> same as CEX  -->
<!--<hash name="1.81 DEX OFW">88D2FAF7EDE04E5BA0CAEF8635BDEF58</hash> same as CEX  -->
<!--<hash name="1.80 DEX OFW">4FE54D3DC7F455A4E8644831C36D6FF1</hash> same as CEX  -->
<!--<hash name="1.70 DEX OFW">F08F35028CB26728BFCE879AF8360549</hash> same as CEX  -->
<!--<hash name="1.50 DEX OFW">5CD5B52F46B156A73EA2BEE9235D99D1</hash> same as CEX  -->
<!--<hash name="1.02 DEX OFW">77DB1082B0C808D28A36C96A7468F5E5</hash> same as CEX  -->
    <hash name="1.01 DEX OFW">D85033AAB48A3E070117A0257D31BA69</hash>
    <hash name="1.00 DEX OFW">937A9C796DFB1DB68350B1ACE0705046</hash>
    <hash name="0.96 DEX OFW">8CD3259484AD807D8B16C252C9DFBA10</hash>
    <hash name="0.95 DEX OFW">97FB3B192B355925395DD2998D0732E6</hash>
  <!-- MISC -->
    <hash name="2.43 Leaked JIG">4C503EC4737A08F79FD8B4A4DFE0F31F</hash>
  <!-- CFW/MFW -->
    <hash name="4.89 Evilnat Cobra noBD">E6211BFC83B75E58BD32520664C53987</hash>
    <hash name="4.89 Evilnat Cobra">50F75486F8C99B66ED4A3B9B5F3FF946</hash>
    <hash name="4.89 Littlebalup Dual Boot">9203539C56E49EB5D987F73C33658255</hash>
    <hash name="4.88.2 Evilnat Cobra noBD">5705AA36C16C163BEBBF05641130A8FA</hash>
    <hash name="4.88.2 Evilnat Cobra">EE4E924FE7D18D6033CBE7654EF710D4</hash>
    <hash name="4.88 Evilnat Cobra noBD">1789F62E447F8A87049CF4ADB26503E5</hash>
    <hash name="4.88 Evilnat Cobra">0D96DA1FA66F61FBA9CD1615D9AD20AB</hash>
    <hash name="4.88 Littlebalup Dual Boot">2859CDE1EBD924A50E7D56A0284DDFF2</hash>
    <hash name="4.87 FERROX Cobra">5E109523BD55801FE52959317308B67A</hash>
    <hash name="4.87 Littlebalup Dual Boot">156E1FD120E2FDBA28A2F2A6D4EA8704</hash>
    <hash name="4.87.2 Evilnat Cobra noBD">BAAEFFD1B81782EFB8407D171ADF7290</hash>
    <hash name="4.87.2 Evilnat Cobra">01F89BA1F108452AAA44300C26C16C70</hash>
    <hash name="4.86.1 CEX PRO Citra Mulia">4C8781CEC5A5B0CC2553F02A3C1EBEC0</hash>
    <hash name="4.86 LOUAY Anonymous Cobra">B0E5496055CD61F7C0565B41D5933427</hash>
    <hash name="4.86 Littlebalup Dual Boot">9DEA89ACC57381E768FF71D1F4A385DF</hash>
    <hash name="4.86 FERROX Cobra">EC83683635E2026C91A848800EF4B9D2</hash>
    <hash name="4.86.1 REBUG LITE noBT/noBD/RSOD">1BE55BC225397A482100B1F6ED9BF89B</hash>
    <hash name="4.86.1 REBUG LITE noBD">2160F9D2172D621E1D02F23D95454C67</hash>
    <hash name="4.86.1 REBUG LITE">596B57F1AB738BA88BDE11080B239DEA</hash>
    <hash name="4.85 FERROX Cobra">5455CA8934A55FA125DF242D6B9C8D7B</hash>
    <hash name="4.85.1 REBUG LITE">A1D8F59320E98E45371DC03E68194FD0</hash>
    <hash name="4.85 LOU@Y Anonymous DB HFW">5E4BF753BAA043958FC07A4108FEA411</hash>
	<hash name="4.85 SPY Cobra">0DC6A9D2496915F15CA43CF9CA756BFB</hash>
    <hash name="4.85v6 Overflow Cobra noBD">357BDAB197A89D0A9DB7F808CF0ECD66</hash>
    <hash name="4.85v5/v7 Overflow Cobra/Cobra noBT">A866E7904D802BFDDB545A6CD77FE149</hash>
    <hash name="4.85v3 Overflow Std noBD">852792ECC832B2DD59B6EFBB26AC8A9B</hash>
    <hash name="4.85v2 Overflow Dual Boot">A27DD8E0CDB239624DA7C6B390F44F7D</hash>
    <hash name="4.85v1/v4 Overflow Std/Std noBT">4A4CD9D42D5E0AECC11D6786F53404CF</hash>
	<hash name="4.84 PRO Citra Mulia">D56E36089A165DCCF4242AF7DDD90EAE</hash>
	<hash name="4.84 SPY Cobra">91E8F22D4299A6EAE2AD16996144A8F4</hash>
    <hash name="4.84.2 REBUG REX">54A7A88B27D0261D46C694F56F9BB160</hash>
    <hash name="4.84.2 REBUG D-REX">7972C66E5CD5FD26772E53BA8638EA89</hash>
    <hash name="4.84 PASTA DEX v2.0 Cobra">F06502CDB5D774993EE3798F68EA51F5</hash>
    <hash name="4.84 PASTA DEX v1.0 Cobra">2B5BEC7BD9422B50E062609D83F15DE6</hash>
    <hash name="4.84 PASTA DEX v1.0">C111CDDD916F50979F9D887DA44D1499</hash>
    <hash name="4.84.1 REBUG DECR LE">A7557447A4ED5F5E1010131B53D15BB3</hash>
    <hash name="4.84.1 REBUG REX">A504EF7CDD53E3FE4E8CA5428AD0BDF2</hash>
    <hash name="4.84.1 REBUG D-REX">DF0B57A21DE0B7774B6B99AF2AA9A7DC</hash>
    <hash name="4.84.3 STARBUGED (Habib) ">D66A3422E363CDD9DDBD1932FEAA25FC</hash>
    <hash name="4.84.1/.2 STARBUGED (Habib) ">062799C594256F719C6080FE24DF1CA4</hash>
    <hash name="4.84.1 REBUG LITE">982822435BE53799EE73F213367E356C</hash>
    <hash name="4.84v1.00 FERROX Cobra">BA4D63BE001E516C53256AD94D109D31</hash>
    <hash name="4.84v6 Overflow Cobra noBD">0052363E9866DCDA0B1D4E179083C8E4</hash>
    <hash name="4.84v5/v7 Overflow Cobra/Cobra noBT">A46331DF8DE2F85262706F12DED4D130</hash>
    <hash name="4.84v3 Overflow Std noBD">F14086CDC47EE4C5483770B7A6D220DF</hash>
    <hash name="4.84v2 Overflow Dual Boot">823810F59D502C573458AE9C757C1C20</hash>
    <hash name="4.84v1/v4 Overflow Std/Std noBT">00A3639FB1AF676852391A00BA5609CC</hash>
    <hash name="4.84 Littlebalup Dual Boot">14BC76629248B04FF712EDADD0EBF968</hash>
    <hash name="4.83 Littlebalup Dual Boot">8765640854BC33C4573B3F97EA0615B9</hash>
    <hash name="4.83v8 Overflow Cobra 7.55">7D44517BC90A292433C49DDF049C9064</hash>
    <hash name="4.83v6 Overflow Cobra noBD">B0DCD816F84D1350A2D7061CDCF2693C</hash>
    <hash name="4.83v5/v7 Overflow Cobra/Cobra noBT">91C838DD7DD1E6C1400C36ED4A089010</hash>
    <hash name="4.83v3 Overflow Std noBD">A3BDF13144AF72D26BD655193FC25B8D</hash>
    <hash name="4.83v2 Overflow Dual Boot">E7AAC8404CBC7DF7CFF39521A7EB745A</hash>
    <hash name="4.83v1/v4 Overflow Std/Std noBT">064CC1A1A421A5767350F6F25ED0DA83</hash>
    <hash name="4.83v1.00 FERROX Cobra">CF7A1F1127ED8288162F55453C16C008</hash>
    <hash name="4.83v1.00 FERROX Standard">A03E54855F564A1B8534849C2B584CEB</hash>
    <hash name="4.83 SPY Cobra">D2842D532AEC0557BBE94EA90FF117E9</hash>
    <hash name="4.82.1 SE Citra Mulia">311AD358F6A4FB46BD1B71DDD7E1C5D1</hash>
    <hash name="4.82.1/.2 REBUG REX">A1882F1E3E034F83DFCD18B3D2A1AD20</hash>
    <hash name="4.82.1/.2 REBUG D-REX">16EF5F57109EAA0E04806F8CA2C0B3E8</hash>
    <hash name="4.82.1 REBUG DECR LE">008A514DEBEB707D3EA1C36468152F02</hash>
    <hash name="4.82.1 REBUG LITE">5C014199AE17E448A9679DBA01777C6C</hash>
    <hash name="4.82v5 Overflow Cobra noBD">CD3823F6D7158F7D287C2EBC7B985FA5</hash>
    <hash name="4.82v4 Overflow Cobra">8222831E0B6AFE881C21F02F5D3C612F</hash>
    <hash name="4.82v3 Overflow noBD">F6D12FDA46DC871329E9A53612B66171</hash>
    <hash name="4.82v2 Overflow Dual Boot">5352E8270ACBBC6AA783276A403413D4</hash>
    <hash name="4.82v1 Overflow Standard">7F56FF7442E9CE5A7CED90DD9FB73F71</hash>
    <hash name="4.82 SPY Cobra">53DEAF64EAA5035958685B71ED879488</hash>
    <hash name="4.82v1.00 FERROX Cobra noBD">97A27679F53A796303A62204026FBB7A</hash>
    <hash name="4.82v1.01 FERROX Cobra">085804110E5201802EA32D5B894D5ECD</hash>
    <hash name="4.82v1.00 FERROX Cobra">C434AAF084F48BD0F3ADCDF7ECBDEB47</hash>
    <hash name="4.82v1.00/.01 FERROX Standard">3E4D58A6F1F966690418234D90FFA4C7</hash>
    <hash name="4.81.2 REBUG REX">E95FF04634C7AA08881DBFCBF725E87B</hash>
    <hash name="4.81.2 REBUG D-REX">D5F4D47570A65B3781A8EB5AA8E82762</hash>
    <hash name="4.81.1 REBUG DECR LE">45C66FB30DD7BCEAA648746E5D57DF4C</hash>
    <hash name="4.81.1 REBUG REX">EC6DBF0C12F681F10E55178569E1B32E</hash>
    <hash name="4.81.1 REBUG D-REX">F7529F7C61F170F86922D69F660F52E6</hash>
    <hash name="4.81v1.02 HABIB Cobra (Starbucks)">4DC3929CE8A17B9CEA233FD3081F3BF0</hash>
    <hash name="4.81v1.01 HABIB Cobra (Starbucks)">1A7E2FD8D0BD8A90F2B6DFC299B5EEBB</hash>
    <hash name="4.81v4 Overflow Cobra">D917F9EB0A3C03186069DC12E2FB21AD</hash>
    <hash name="4.81v2 Overflow Dual Boot">0349ADA8DC9261D9170E515081BB071C</hash>
    <hash name="4.81v1/v3 Overflow Standard/noBD">852588907019872F365B5B8C97486C7D</hash>
    <hash name="4.81 SPY Cobra">393A250FA8891769A5008E0AE58FAC60</hash>
    <hash name="4.81 SPY Standard">F455BEF9A23B76D8079BD7EC6B9B20D0</hash>
    <hash name="4.81 Playerkp420 Cobra">F6F4AC320C2D62010FDACAFA3C5A3B4E</hash>
    <hash name="4.81 Playerkp420 Standard">3F6AEA163CCC3A4FB1697549B6274A4C</hash>
    <hash name="4.81 Playerkp420 Dual Boot">29ED6D059DD5C4FC0BFE0EAB2AED59BC</hash>
    <hash name="4.81 FERROX Cobra noBD">941B3F6E5842EF233297E64A5FA42865</hash>
    <hash name="4.81v1.1 FERROX Standard">22E9E26D8A12E217ADC340C69BEB4BFF</hash>
    <hash name="4.81v1.02/1.03 FERROX Cobra">996661AF98E96F7589E5ED142184A0E6</hash>
    <hash name="4.81v1.01 FERROX Cobra">46AAF66EC5E1BF83A4AA5D3576A64179</hash>
    <hash name="4.81v1.00 FERROX Cobra">B627CAF5F5B42C03995F18764817EDEC</hash>
    <hash name="4.81v1.00 FERROX Standard">C9DAE945EEE8BE5755B6F8D78B98204D</hash>
    <hash name="4.81v1.00 DARKNET Cobra / 4.81 ErMaK86 Cobra">047F95F9A7A6647DA77D58C3FF3CC7ED</hash>
    <hash name="4.81v1.00 DARKNET Standard">A21468BB2868E7050097C308DFC3232A</hash>
    <hash name="4.80v6/v7 Overflow Cobra">62F039EDB25121F2432FE47B9740FC87</hash>
    <hash name="4.80.1 REBUG REX">4853885368E6A601BF11945EE5E3F944</hash>
    <hash name="4.80.1 REBUG D-REX">9C771B8E02F9C6634B665069D2CF311A</hash>
    <hash name="4.80 FERROX Cobra noBD">1FA73072891CDE2AF249151DC9D666BA</hash>
    <hash name="4.80 FERROX Cobra">C0CEFADB08000E23C7E70DF9283D2064</hash>
    <hash name="4.80v1.00 FERROX Standard">3E06920DA059572F610B6A6C166F2941</hash>
    <hash name="4.80 Playerkp420 Dual Boot">EE35CFD231363361C2BCCE67966446FF</hash>
    <hash name="4.80 SPY Cobra">5B9B4E606C57B7DCC18A73EA4CA84CAE</hash>
    <hash name="4.78.2 REBUG REX">5E587C2198E93241E38F9D9D32F90E33</hash>
    <hash name="4.78.2 REBUG D-REX">8079C1F097C8822F8A70E4C6372B89F3</hash>
    <hash name="4.78.1 REBUG REX">2450EC36C22BD753BC26F391AEEC4A7B</hash>
    <hash name="4.78.1 REBUG D-REX">5BFA1DC2AF00C9045EA4F1D829E94EB1</hash>
    <hash name="4.78 SPY Cobra">EDD4E49DECB294543234B3B2D679F715</hash>
    <hash name="4.78 HABIB Cobra (Starbucks)">F03FB88AAA0694926CC433DC2079265C</hash>
    <hash name="4.78 FERROX noBD">CD0275E133097DC50284627D95A47A52</hash>
    <hash name="4.78v1.00 FERROX Standard">69C57F351F27991190015AE9E28BB16E</hash>
    <hash name="4.78v1.00 Playerkp420 Standard">F452C79E90158D5DC532D44A127734FB</hash>
    <hash name="4.78 Playerkp420 Dual Boot">F7D38AA805E404DE87ACABBA27496553</hash>
    <hash name="4.76.1 REBUG REX">4B04396AA2D7BD4B8110CEB158683A65</hash>
    <hash name="4.76.1 REBUG D-REX">F4EA32927D241D32ADAFE9B82F5447E8</hash>
    <hash name="4.76.1 REBUG LITE">47922EBDF8310D7FDCF72E406D8249D4</hash>
    <hash name="4.76 FERROX Dual Boot">121391637F068B79C4E393D99088B21C</hash>
    <hash name="4.76 FERROX noBD">A869991897EEE7E2C235D311A8CFB4F9</hash>
    <hash name="4.76 FERROX Standard">52CC33A6770F16CD4A4CDBE129BA118D</hash>
    <hash name="4.76v1.00 ErMaK86">62665F62337B1E675C63FB6F9CA4A311</hash>
    <hash name="4.76v1.00 HABIB Cobra">EB52065A0B0D3E6C7B96A346449306BE</hash>
    <hash name="4.75.1/.3 REBUG REX">9AAEA9AF9C2F905436A24F0E8AE437AA</hash>
    <hash name="4.75.1/.3 REBUG D-REX">572FCA7949DE00B5DC021FA89C1C6A44</hash>
    <hash name="4.75 FERROX Dual Boot">C19C1F04AF3F1F64C411360115B7B423</hash>
    <hash name="4.75 FERROX noBD">TBD</hash>
    <hash name="4.75v1.00 FERROX Standard / 4.75v1.0x ErMaK86">C311BA6FADAAD4DBBBBA9DEBE996D895</hash>
    <hash name="4.75v1.00 HABIB Standard (Starbucks)">D11D378CCD19A3EDB4E39A91B7366F4D</hash>
    <hash name="4.75v0.3/0.4 HABIB Cobra (Public Beta)">5DFD5FD3D530D723DD9C69079C32A149</hash>
    <hash name="4.75v1.0 PS3ITA DEX">E86CA00CAEECA3453341A319E02B25C0</hash>
    <hash name="4.75v1.00 ErMaK86 Standard">47147BCBF53BA5EFA6983AF2D0DE84AC</hash>
    <hash name="4.75v1.01 ARCH noBD">TBD</hash>
    <hash name="4.75v1.01 ARCH Standard">TBD</hash>
    <hash name="4.75v1.00 ARCH noBD">TBD</hash>
    <hash name="4.75v1.00 ARCH Standard">TBD</hash>
    <hash name="4.75v1.01 Playerkp420 Standard">592A3DA731F74272A4B57C5E43DBC099</hash>
    <hash name="4.75v1.00 Playerkp420 noBD (MFW)">6FE51BCE427CC884F81794D6B30B87D2</hash>
    <hash name="4.75v1.00 Playerkp420 (MFW)">6680C070B88C82FFE1EC778F49D61B98</hash>
    <hash name="4.70.1 REBUG REX">BBA12DA7C6CDA7FFA0FF37D6BE518ABD</hash>
    <hash name="4.70.1 REBUG D-REX">7DD6EFEEFFA597398C407280B4F8359D</hash>
    <hash name="4.70v1.0x HABIB Cobra (Starbucks)">BC04FA7D97D02E761DF18497A86D6A60</hash>
    <hash name="4.70v1.00 HABIB Standard">CEF90EB2D0C8E0A07A1F4F6167E23B1A</hash>
    <hash name="4.70 FERROX Dual Boot">B0EAF885236D3A416122A5BE752F9E31</hash>
    <hash name="4.70v1.01 FERROX noBD">50EC3603DC4D49B56C2F1B82590D7005</hash>
    <hash name="4.70v1.01 FERROX Standard">D915B14AA2B25AFA543733FD8C326B10</hash>
    <hash name="4.70v1.00 FERROX Standard">92DF9D2D45DABBC757B852603A2FE045</hash>
    <hash name="4.70v1.00 DARKNET Cobra">A4931415893B88BAA5045257BE693F57</hash>
    <hash name="4.70v1.00 DARKNET Standard">8DF001B218567E97506813966124CF17</hash>
    <hash name="4.70v2 Playerkp420 (MFW)">B38A038F158C74F61A562D6A10AB5C47</hash>
    <hash name="4.70v1 Playerkp420 (MFW)">D8666082CF276CFA3692F6316A0AA708</hash>
    <hash name="4.66v1.01 HABIB Cobra">3589590EEB9E866F8A73044AE73A40EC</hash>
    <hash name="4.66v1.00 HABIB Cobra">TBD</hash>
    <hash name="4.66v1.01 FERROX Cobra Lite)">7F9355ACC6BC94544BCD71650A2EDB2E</hash>
    <hash name="4.66v1.00 FERROX Cobra Lite)">E21DA8D81BA682932EAF49727842648D</hash>
    <hash name="4.66 FERROX Dual Boot">4668F6ED40B537E5DA22DAB534203E5B</hash>
    <hash name="4.66v1.00 FERROX noBD">59D12BF9C90C8683E40D8D7BA451ECE9</hash>
    <hash name="4.66v1.00 FERROX">62BF49F570021E7C0708F88F08F25993</hash>
    <hash name="4.66v1.01/v1.02 DARKNET Cobra">B019CBDC364281EB3AE9257DAB0D408E</hash>
    <hash name="4.66v1.00 DARKNET Cobra">7E44885BADBD677AACBFECCE62EACBEC</hash>
    <hash name="4.65v1.01 DARKNET Cobra (by Joonie)">46B31E40E1EA118E7E7C5C5AB85E6EE0</hash>
    <hash name="4.65v1.01 DARKNET">TBD</hash>
    <hash name="4.65v1.00 DARKNET RSOD FIX">46503ECD31E6E852B342EA07D5588639</hash>
    <hash name="4.65v1.00 DARKNET">1C0993A4E7544B73FF55650557AE4C3E</hash>
    <hash name="4.65v1.02 HABIB Cobra">A8BD4940A9F30BC8866D1A4ECD5C3824</hash>
    <hash name="4.65v1.01 HABIB">69E6BD00D4C67CB7E610DD989D08FF5A</hash>
    <hash name="4.65v1 HABIB">E63C05405C7BCE668D446CA308C99F7A</hash>
    <hash name="4.65v1.02 PS3ITA DEX Cobra">E04C1648AC23CC7F45A97DF04AF43AFB</hash>
    <hash name="4.65v1.01 PS3ITA DEX Cobra">TBD</hash>
    <hash name="4.65v1.00 PS3ITA DEX Cobra">TBD</hash>
    <hash name="4.65.1 REBUG REX Cobra (leaked)">414165B98540966AC759F53A710A6D14</hash>
    <hash name="4.65.1 REBUG D-REX Cobra">3F90D9167321C594EA24FB57138B10D6</hash>
    <hash name="4.65.2 REBUG REX Cobra (leaked)">040A258A7F79E640040D80E88089CADE</hash>
    <hash name="4.65.2 REBUG REX Cobra">0A0633E46C53A42D9365F20DE86F2F12</hash>
    <hash name="4.65.2 REBUG D-REX Cobra">D6E86BD5EC9675D1C0ABFB9D087C750C</hash>
    <hash name="4.60v1 FERROX">B88F2CA5F347CC6A5A1B6A0AD9FF6B90</hash>
    <hash name="4.60v1 FERROX Dual Boot">D45DF0737F63E7939EA0ACC30C965171</hash>
    <hash name="4.60v1 HABIB">E43861300294CAD85FF3985536206085</hash>
    <hash name="4.60v1 Rogero">926305BBEB791C087BAFF2E67EE8A747</hash>
    <hash name="4.55v2 ARCH">837C60236892BC48EB9FCDBE2F9C4E12</hash>
    <hash name="4.55v1.-- HABIB Cobra">1D5576447BA763DB38ED263826DD2F60</hash>
    <hash name="4.55v2 hishamage">D6358CC259B920B2C595DDE6FC47BD1F</hash>
    <hash name="4.55v1 Rogero">ECA854DD9AC9DA0A45312FFEA53D8190</hash>
    <hash name="4.55 ZERO/HABIB Dual Boot">618ACACCC1F47A51E1013C97E56A109D</hash>
    <hash name="4.55v3 CDEX Team SGK">555526376750E095C3D54D84811930BC</hash>
    <hash name="4.53v1 FERROX">E9B7B0E09315C16B41EF6EC3F1A60227</hash>
    <hash name="4.53v1.01 HABIB">9B7783493B6F65A5EDFA949E68FDF796</hash>
    <hash name="4.53v1/v1.02 HABIB Cobra">DB24D5F21C365089A4B0ED1B2CA26681</hash>
    <hash name="4.53v1.04/v1.05a HABIB Cobra">B3B161483DDBF947A6CDA48B41BB8908</hash>
    <hash name="4.53v2 HABIB Dual Boot">EA00E46E274F5BA958FD94F782223B3C</hash>
    <hash name="4.53.3u REBUG REX COBRA by_Joonie">62774BD25F5BDE04C59C1667F5E62011</hash>
    <hash name="4.53.1 REBUG D-REX COBRA (MOD_by_Joonie_v4+)">54F96C657AD0E4F7FE675466B93CB803</hash>
    <hash name="4.53.1 REBUG REX COBRA (MOD_by_Joonie_v4+)">93A3A252364E5860292F0C8B2A9E3B8D</hash>
    <hash name="4.53v1 STEVEN">D46F9AB291288F200A265C3AEF5B0C01</hash>
    <hash name="4.50b DK (andikajayasatri)">DF7464F3B9A28D36350D73683A7F7AFE</hash>
    <hash name="4.50b2 DK (andikajayasatri)">05658A4C8159BD06D75B7D159F68C39B</hash>
    <hash name="4.50v1.01 DigitalEVO">5119AFD882723905C8111AA3F864853A</hash>
    <hash name="4.50v1/v1.02/v1.03 HABIB / 4.50 MiralaTijera">4B2A7C5E7C4609D4C604128AEADD8628</hash>
    <hash name="4.50 / 4.53v1 HABIB Dual Boot">C4AE3B842EC83ABA26B7DF3033AE34BF</hash>
    <hash name="4.50v1 FERROX / 4.50v1.02/v1.03/v1.04 PS3Ultimate">C5B5E1EFC6A88D62A8301177A4B5C05E</hash>
    <hash name="4.50v1 Rogero">D9B21C13793ABE747D070378667B84DB</hash>
    <hash name="4.50v1.01 Rogero/ 4.50 VENOM CORP">9CEFB4CEDDB8D35F197388D7382DC6A1</hash>
    <hash name="4.50v1.01 STEVEN">ACE4F332832EC114EED138A6AFB7E9EF</hash>
    <hash name="4.46v1.09 HABIB / 4.46v1.1 FERROX / 4.46v0.02 LDZ FERROX">2936CC336498F50CB108CA43791E9AAF</hash>
    <hash name="4.46v1.13 HABIB / 4.46 ARCH">042424E5EDA6AC7986549AEAF4BA62DF</hash>
    <hash name="4.46v2.01 HABIB">9690C339D4E45F24FDE8A2B5E7349C00</hash>
    <hash name="4.46v2.04 HABIB">3116788ADED078C698653E22E43036C9</hash>
    <hash name="4.46v1 HABIB Cobra">2428CEED92A6147C5976AFD3FAB12B04</hash>
    <hash name="4.46v1.01 HABIB Cobra">35329118C237C44B4D6863822352EA32</hash>
    <hash name="4.46.1a haxxxen REBUG Cobra REX (No0bZiLLa atreyu187)">0B31F8197DBCE11EE36F826430E67F74</hash>
    <hash name="4.46.1b haxxxen REBUG Cobra REX (No0bZiLLa atreyu187)">1BEE85E7F1E6DE4E9A11532A6E71174C</hash>
    <hash name="4.46.1a REBUG REX">D9593ECEA3CA81B35D80FC1821D9C723</hash>
    <hash name="4.46.1 REBUG LITE">C8B4E6DE1D4A02DA838988061DD7AFB1</hash>
    <hash name="4.46v1 Rogero Cobra / 4.46 MiralaTijera Cobra">F574499C03697C8763B8D499F8ABAE72</hash>
    <hash name="4.46v1 Rogero Cobra (CaptainCPS-X)">6D021BC82C7CFAAB8AAB8A5D14EF08E2</hash>
    <hash name="4.46v1 Rogero">7CF42A338F27AC5E63D2F394D5988853</hash>
    <hash name="4.46v1.01 Rogero">C34379041A1C8FB20E1F9F2F5BBB029E</hash>
    <hash name="4.46.1a CDEX Team SGK">D385158DEB7BAED96BC3F000E0D2E9E4</hash>
    <hash name="4.46.3a CDEX Team SGK">54A3AE199B77C98DEFEA9E649EAA8E23</hash>
    <hash name="4.41v1.01 ARCH">F7C2177CF5D3EE43DF1A118A3F4BE351</hash>
    <hash name="4.41v2 ARCH">408094E2E4BF6A682A76A278901507FD</hash>
    <hash name="4.41.2 / 3 REBUG LITE">6604933A7B2D8154678A082121D468D4</hash>
    <hash name="4.41.3 REBUG REX">4D75F55EAE1D06D43F952D5217888A68</hash>
    <hash name="4.41v1a Rogero">B4520066146DB3677E7CFC86BBACC938</hash>
    <hash name="4.40 MiralaTijera">11D3C091C07C5519A6229B91555C0F04</hash>
    <hash name="4.40v1.02a/v1.02b Rogero">7B75FF7995C4B7841B638B27BE3674C6</hash>
    <hash name="4.40v1.03 Rogero">A9A8ABD52E409CAB9807B3B4BBDA8457</hash>
    <hash name="4.40.1 Team SGK">5F337ACBAF17272F960983B1731A3A83</hash>
    <hash name="4.40.4 Team SGK">07D40339A09D438BF929EB23920C6EB8</hash>
    <hash name="4.31v4 MiralaTijera">95A88B4030C8CF5A1BDFB3DCC589731E</hash>
    <hash name="4.31v7/v7.1 Team SGK">84EB5788D3D91675DBB840C48B3CB9FD</hash>
    <hash name="4.30 Cobra">F91E01A816D6CD266F1C6B6EC087B070</hash>
    <hash name="4.30v1.3/v1.4 ErmaC / 4.30 E3">E8A13DB0DA5D677FA02D3AA8FB514214</hash>
    <hash name="4.30.2 REBUG REX">760E150F09C28305FB219E7384087876</hash>
    <hash name="4.30v2.05 Rogero">81528F4D891DBA400BE90CD49C91DE51</hash>
    <hash name="4.21.2 REBUG REX">C097620E5446B30CA78182FABB2130C4</hash>
    <hash name="4.21v2 Rogero">EBEB43F333AD2B90C880B0D0B8E5F46A</hash>
    <hash name="3.55v2 Bitsbubba Newbie Friendly Ware">2F31B70866B551EAF53984A35046C064</hash>
    <hash name="3.55v3 Bitsbubba Newbie Friendly Ware">75677C8C552D1ED5022121464E2097DC</hash>
    <hash name="3.55v3 Bitsbubba Cobra Newbie Friendly Ware / 3.55 Cobra">87F166C2A2EFBCFF7646A457224548AB</hash>
    <hash name="3.55v2 Flukes netkas">0959E6CEBB81730C28CEA0294A977896</hash>
    <hash name="3.55 Itskamel">CF2A16202F6427DC3122247099E53B59</hash>
    <hash name="3.55 Kmeaw / 3.55 Wutangrza">B4EEE87B344294E0CC4BA41E2BA5C68D</hash>
    <hash name="3.55 Kmeaw Cobra">3F825E3E53FB6159DA13D72075BD1C61</hash>
    <hash name="3.55 Kmeaw Naima v1.0/v1.1">5C77E128EC846A1025C3FA3F4E64C1F6</hash>
    <hash name="3.55 Kmeaw PS3ita">5A283B2B470C479278C8EE69EFEAB410</hash>
    <hash name="3.55 MiralaTijera OtherOS++ (BD EMU)">60597FF57F323AB3E15F448129183F62</hash>
    <hash name="3.55 NOTHEROS 'RSoD' FIX">0FF1ABB67869FFE32F46292BE10BAF20</hash>
    <hash name="3.55 OTHEROS++ [22GB.PUP] NO SS">B01B704913672F7E3FD67E22C5B93908</hash>
    <hash name="3.55 OTHEROS++ SPECIAL">8DEF10AC372D28A37248059FFF9BAFF5</hash>
    <hash name="3.55v2 PS3-Addict">3E38FACDAD36FBBDCBF89B7ACD03726A</hash>
    <hash name="3.55v3 PS3-Addict">274DC5CFC22304336045E8849648DFFB</hash>
    <hash name="3.55v1.1r3 PS3ITA">E18E927BA389E099F33D263A712E2828</hash>
    <hash name="3.55 PS3Ultimate">139A5494DB48557AF5E56AEC7DD55835</hash>
    <hash name="3.55 PS3Ultimate (3.60)">F0A6B512F172ED72E8711A2ACFC5BFA3</hash>
    <hash name="3.55 PS3Ultimate (3.70)">BA358732F0DAAF800BA1F7BDFADA6793</hash>
    <hash name="3.55.2 REBUG (Original release) / 3.55.4 VENIX PLUS">F77088E92C50FC24FC84F79A2BE868C4</hash>
    <hash name="3.55.2 REBUG TB Edition">6573B25D3198B64ED42D52C274ED044C</hash>
    <hash name="3.55.3 REBUG REX / 999 DOWNGRADER">7F8E722524FE2073F2B7060870AA88DF</hash>
    <hash name="3.55.4 REBUG REX / 999 DOWNGRADER">E232DF992F81B83498F67C61795E4A82</hash>
    <hash name="3.55v2.1/3/3.1 Rogero">FD90A3EE1CB4DDBD0B09BC74A5E3E3C8</hash>
    <hash name="3.55v3.7 Rogero">A177B0D6B63076F1135C29D7F1A07D36</hash>
    <hash name="3.55v2 True Blue">29F36A7552462EAEABADFFA482440355</hash>
    <hash name="3.55 Varaques">05B7141757F33E61E3D883ED507CA870</hash>
    <hash name="3.55v1 Waninkoko">4FCD3F8AC264968B80BF3515ADDB3BBC</hash>
    <hash name="3.55v2 Waninkoko">8B834D2A00F4E2252897E727505A9B29</hash>
    <hash name="3.55 BRENZA DEX2CEX">FED905CF5F95A88FB67A294DCDB730BC</hash>
    <hash name="3.55 itskamel DEX">BB374F3D396EAE3014B648141E0D9322</hash>
    <hash name="3.55 Rogero 999 Downgrader">07D64230462FBA19EE999AA1A3B9E192</hash>
    <hash name="3.55 HABIB Downgrader">ACF3A41FDECE322C96003F73E57DE6A3</hash>
    <hash name="3.55v2 Rogero 3.55+ DEX Downgrader to 3.55 DEX">F4637C8CEF22C8A0443EA74645350B5F</hash>
    <hash name="3.55 CEX > DEX [PS Niggaz's]">102E229DF047C1693ABFBFF5707BE84C</hash>
    <hash name="3.55 DEX > CEX PS [Niggaz's]">AA872C67E964FABA5296748B9D6CC439</hash>
    <hash name="3.41 HERMES">30EC644E0DAEED33E54FB6BEB9A5C0E0</hash>
    <hash name="3.41.3 REBUG">FE47A2291AA29DF152DE4396C0D0556E</hash>
  </type>
</root>
